,Sub.Sample,Clade1.Rate,Clade2.Rate,Clade3.Rate,Clade1.PropRate,Clade2.PropRate,Clade3.PropRate,P.Value,Flagged.Excluded
1,gene19_ss0,0.12536,0.15891,0.78968,1,1.26762922782387,6.29929802169751,2.10976737862417e-115,
2,gene19_ss1,0.12438,0.15808,0.70842,1,1.270943881653,5.69561022672455,3.41521290255728e-95,C5
3,gene19_ss2,0.12513,0.16188,0.60941,1,1.29369455766003,4.87021497642452,3.26733121533374e-70,C3
4,gene19_ss3,0.12822,0.16204,0.4436,1,1.26376540321323,3.45967867727344,2.01206841430046e-35,C1
5,gene19_ss4,0.12666,0.15143,0.43815,1,1.19556292436444,3.45926101373757,3.27141740370591e-36,B6
6,gene19_ss5,0.12554,0.1515,0.43323,1,1.20678668153577,3.45093197387287,1.51273648858896e-35,B4
7,gene19_ss6,0.12495,0.15021,0.43284,1,1.20216086434574,3.4641056422569,3.29349152152948e-35,B2
